"AF";"Afghanistan";"93";":city"
"EG";"Ägypten";"20";":city\n:zip"
"AL";"Albanien";"355";":city"
"DZ";"Algerien";"213";":zip :city"
"AD";"Andorra";"376";"AD:zip :city"
"AO";"Angola";"244";":city"
"AI";"Anguilla";"1";":city"
"AQ";"Antarktis";"";":city :zip"
"AG";"Antigua und Barbuda";"1";":city"
"GQ";"Äquatorialguinea";"240";":city"
"AR";"Argentinien";"54";":zip :city"
"AM";"Armenien";"374";":zip :city"
"AW";"Aruba";"297";":city"
"SH";"Ascension";"247";":city\n:zip"
"AZ";"Aserbaidschan";"994";":zip :city"
"ET";"Äthiopien";"251";":zip :city"
"AU";"Australien";"61";":city  :province  :zip"
"BS";"Bahamas";"1";":city"
"BH";"Bahrain";"973";":zip :city"
"BD";"Bangladesch";"880";":city - :zip"
"BB";"Barbados";"1";":city BB:zip"
"BE";"Belgien";"32";":zip :city"
"BZ";"Belize";"501";":city"
"BJ";"Benin";"229";":zip\n:city"
"BM";"Bermuda";"1";":city :zip"
"BT";"Bhutan";"975";":city"
"BO";"Bolivien";"591";":city"
"BQ";"Bonaire";"599";":city"
"BA";"Bosnien und Herzegowina";"387";":zip :city"
"BW";"Botswana";"267";":city"
"BR";"Brasilien";"55";":zip :city"
"IO";"Britisches Territorium im Indischen Ozean";"246";":city\n:zip"
"BN";"Brunei";"673";":city :zip"
"BG";"Bulgarien";"359";":zip :city"
"BF";"Burkina Faso";"226";":city :zip"
"BI";"Burundi";"257";":city"
"CL";"Chile";"56";":zip :city"
"CN";"China";"86";":zip :city, :province"
"CK";"Cookinseln";"682";":city\n:zip"
"CR";"Costa Rica";"506";":zip :city"
"CW";"Curacao";"599";":city :zip"
"DK";"Dänemark";"45";":zip :city"
"DE";"Deutschland";"49";":zip :city"
"DM";"Dominica";"1";":city"
"DO";"Dominikanische Republik";"1";":zip :city"
"DJ";"Dschibuti";"253";":city"
"EC";"Ecuador";"593";":zip\n:city"
"SV";"El Salvador";"503";"CP :zip :province\n:city"
"CI";"Elfenbeinküste";"225";"BP :zip :city"
"ER";"Eritrea";"291";":city"
"EE";"Estland";"372";":zip :city"
"FK";"Falklandinseln";"500";":city\n:zip"
"FO";"Färöer";"298";":zip :city"
"FJ";"Fidschi";"679";":city"
"FI";"Finnland";"358";":zip :city"
"FR";"Frankreich";"33";":zip :city"
"GF";"Französisch-Guayana";"594";":zip :city"
"PF";"Französisch-Polynesien";"689";":zip :city - :province"
"TF";"Französische Süd- und Antarktisgebiete";"262";":zip :city"
"GA";"Gabun";"241";":zip :city"
"GM";"Gambia";"220";":city"
"GE";"Georgien";"995";":zip :city"
"GH";"Ghana";"233";":city"
"GI";"Gibraltar";"350";":city\n:zip"
"GD";"Grenada";"1";":city"
"GR";"Griechenland";"30";":zip :city"
"GL";"Grönland";"299";":zip :city"
"GP";"Guadeloupe";"590";":zip :city"
"GU";"Guam";"1";":city :province  :zip"
"GT";"Guatemala";"502";":zip-:city"
"GN";"Guinea";"224";":city"
"GW";"Guinea-Bissau";"245";":zip :city"
"GY";"Guyana";"592";":city"
"HT";"Haiti";"509";":zip :city"
"HN";"Honduras";"504";":zip :city"
"HK";"Hongkong";"852";":city"
"IN";"Indien";"91";":city-:zip"
"ID";"Indonesien";"62";":city :zip"
"IQ";"Irak";"964";":city"
"IR";"Iran";"98";":city :zip"
"IE";"Irland";"353";":city\nCO. :province\n:zip"
"IS";"Island";"354";":zip :city"
"IL";"Israel";"972";":zip :city"
"IT";"Italien";"39";":zip :city"
"JM";"Jamaika";"1";":city :zip"
"JP";"Japan";"81";":city\n:zip"
"YE";"Jemen";"967";":city"
"JO";"Jordanien";"962";":city :zip"
"KY";"Kaimaninseln";"1";":province KY:zip"
"KH";"Kambodscha";"855";":city :zip"
"CM";"Kamerun";"237";":city"
"CA";"Kanada";"1";":city :province  :zip"
"CV";"Kap Verde";"238";":zip :city\n:province"
"KZ";"Kasachstan";"7";":city\n:zip"
"QA";"Katar";"974";":city"
"KE";"Kenia";"254";":city\n:zip"
"KG";"Kirgisistan";"996";":zip :city"
"KI";"Kiribati";"686";":city, :province"
"CC";"Kokosinseln";"61";":city :province  :zip"
"CO";"Kolumbien";"57";":city"
"KM";"Komoren";"269";":city"
"CG";"Republik Kongo";"242";":city"
"CD";"Demokratische Republik Kongo";"243";":city :zip"
"HR";"Kroatien";"385";":zip :city"
"CU";"Kuba";"53";"CP :zip :city"
"KW";"Kuwait";"965";":zip :city"
"LA";"Laos";"856";":zip :city"
"LS";"Lesotho";"266";":city :zip"
"LV";"Lettland";"371";":city, LV-:zip"
"LB";"Libanon";"961";":city :zip"
"LR";"Liberia";"231";":zip :city"
"LY";"Libyen";"218";":city"
"LI";"Liechtenstein";"423";":zip :city"
"LT";"Litauen";"370";"LT-:zip :city"
"LU";"Luxemburg";"352";":zip :city"
"MO";"Macau";"853";""
"MG";"Madagaskar";"261";":zip :city"
"MW";"Malawi";"265";":city"
"MY";"Malaysia";"60";":zip :city\n:province"
"MV";"Malediven";"960";":city :zip"
"ML";"Mali";"223";":city"
"MT";"Malta";"356";":city :zip"
"MA";"Marokko";"212";":zip :city"
"MH";"Marshallinseln";"692";":city :province  :zip"
"MQ";"Martinique";"596";":zip :city"
"MR";"Mauretanien";"222";":city"
"MU";"Mauritius";"230";":zip :city"
"YT";"Mayotte";"262";":zip :city"
"MK";"Mazedonien";"389";":zip :city"
"MX";"Mexiko";"52";":zip :city, :province"
"FM";"Mikronesien";"691";":city :province  :zip"
"MD";"Moldavien";"373";":zip :city"
"MC";"Monaco";"377";":zip :city"
"MN";"Mongolei";"976";":zip :city"
"ME";"Montenegro";"382";":zip :city"
"MS";"Montserrat";"1";":city"
"MZ";"Mosambik";"258";":zip :city"
"MM";"Myanmar";"95";":city, :zip"
"NA";"Namibia";"264";":city"
"NR";"Nauru";"674";":province DISTRICT"
"NP";"Nepal";"977";":city :zip"
"NC";"Neukaledonien";"687";":zip :city"
"NZ";"Neuseeland";"64";":city :zip"
"NI";"Nicaragua";"505";":zip\n:city"
"NL";"Niederlande";"31";":zip :city"
"NE";"Niger";"227";":zip :city"
"NG";"Nigeria";"234";":city :zip"
"NU";"Niue";"683";":city, :province"
"KP";"Demokratische Volksrepublik Korea";"850";":city"
"NF";"Norfolkinsel";"6723";":city :province  :zip"
"NO";"Norwegen";"47";":zip :city"
"MP";"Nördliche Marianen";"1";":city :province  :zip"
"OM";"Oman";"968";":zip :city"
"AT";"Österreich";"43";":zip :city"
"PK";"Pakistan";"92";":city-:zip"
"PS";"Palästinensische Autonomiegebiete";"970";":city"
"PW";"Palau";"680";":city :province  :zip"
"PA";"Panama";"507";":city"
"PG";"Papua-Neuguinea";"675";":city :zip :province"
"PY";"Paraguay";"595";":zip :city"
"PE";"Peru";"51";":city"
"PH";"Philippinen";"63";":zip :city"
"PN";"Pitcairninseln";"649";""
"PL";"Polen";"48";":zip :city"
"PT";"Portugal";"351";":zip :city"
"PR";"Puerto Rico";"1";":city :province  :zip"
"RE";"Reunion";"262";":zip :city"
"RW";"Ruanda";"250";":city"
"RO";"Rumänien";"40";":zip :city"
"RU";"Russland";"7";":city\n:zip"
"BQ";"Saba";"599";":city"
"LC";"Saint Lucia";"1";":city"
"ZM";"Sambia";"260";":zip :city"
"AS";"Amerikanisch-Samoa";"1";":city :province  :zip"
"WS";"Samoa";"685";":city"
"SM";"San Marino";"378";":zip :city"
"ST";"Sao Tome";"239";":city"
"SA";"Saudi-Arabien";"966";":city :zip"
"SE";"Schweden";"46";":zip :city"
"CH";"Schweiz";"41";":zip :city"
"SN";"Senegal";"221";":zip :city"
"SC";"Seychellen";"248";":city"
"SL";"Sierra Leone";"232";":city"
"SG";"Singapur";"65";":city :zip"
"SK";"Slowakei";"421";"SK-:zip :city"
"SI";"Slowenien";"386";"SI-:zip :city"
"SB";"Solomoninseln";"677";":city"
"SO";"Somalia";"252";":city"
"GS";"Südgeorgien und die Südlichen Sandwichinseln";"";":city\n:zip"
"ES";"Spanien";"34";":zip :city"
"LK";"Sri Lanka";"94";":zip :city"
"SH";"St. Helena";"290";":city\n:zip"
"KN";"St. Kitts";"1";":city"
"PM";"Saint-Pierre und Miquelon";"508";":zip :city"
"VC";"St. Vincent und die Grenadinen";"1";":city"
"KR";"Republik Korea";"82";":city :zip"
"ZA";"Südafrika";"27";":city\n:zip"
"SD";"Sudan";"249";":zip\n:city"
"SR";"Suriname";"597";":city"
"SJ";"Spitzbergen";"";":zip :city"
"SZ";"Swasiland";"268";":city\n:zip"
"SY";"Syrien";"963";":zip :city"
"TJ";"Tadschikistan";"992";":zip :city"
"TW";"Taiwan";"886";":city :zip"
"TZ";"Tansania";"255";":city"
"TH";"Thailand";"66";":city :zip"
"TP";"Timor-Leste";"670";":zip :city"
"TG";"Togo";"228";":city"
"TK";"Tokelau";"690";":city, :province"
"TO";"Tonga";"676";":city"
"TT";"Trinidad und Tobago";"1";":city\n:province"
"TD";"Tschad";"235";":city"
"CZ";"Tschechische Republik";"420";":zip :city"
"TN";"Tunesien";"216";":zip :city"
"TR";"Türkei";"90";":zip :city"
"TM";"Turkmenistan";"993";":zip :city"
"TC";"Turks- und Caicosinseln";"1";":city"
"TV";"Tuvalu";"688";":city"
"UG";"Uganda";"256";":city"
"UA";"Ukraine";"380";":city\n:zip"
"HU";"Ungarn";"36";""
"UY";"Uruguay";"598";":zip\n:city"
"UZ";"Usbekistan";"998";":zip :city"
"VU";"Vanuatu";"678";":city"
"VA";"Vatikan";"39";":zip :city"
"VE";"Venezuela";"58";":city :zip :province"
"AE";"Vereinigte Arabische Emirate";"971";":city"
"US";"Vereinigte Staaten von Amerika";"1";":city :province  :zip"
"UK";"Vereinigtes Königreich Großbritannien und Nordirland";"44";":city :zip"
"VN";"Vietnam";"84";":city :zip"
"VG";"Britische Jungferninseln";"1";":city, :province, ;zip"
"VI";"Amerikanische Jungferninseln";"1";":city :province  :zip"
"WF";"Wallis und Futuna";"681";":zip :city"
"CX";"Weihnachtsinsel";"61";":city :province  :zip"
"BY";"Weißrussland";"375";":zip :city"
"CF";"Zentralafrikanische Republik";"236";":city"
"ZW";"Simbabwe";"263";":city"
"CY";"Zypern";"357";":zip :city"
